C+ID,CONJUNTO,STATUS,ASESOR,FECHA,GÉNERO,EDAD,PAÍS,CIUDAD,PROFESIÓN,OCUPACIÓN,ESTADO CIVIL,INGRESOS MENSUALES,CANALES
XA1,X,DISPONIBLE,, ,,,,,,,,,
XA2,X,VENDIDO,BM (CARLOS),1/4/2024,,,,,,,,,
XA3,X,DISPONIBLE,, ,,,,,,,,,
XA4,X,DISPONIBLE,, ,,,,,,,,,
XA5,X,VENDIDO,BM (CARLOS),1/4/2024,,,,,,,,,
XA6,X,VENDIDO,INNVERTO,6/4/2025,HOMBRE,31,COLOMBIA,CALI,FUTBOLISTA,INDEPENDIENTE,CASAD@,$5.000.000,SOY REFERIDO
XA7,X,DISPONIBLE,, ,,,,,,,,,
XA8,X,VENDIDO,GABRIELA RODRIGUEZ,17/11/2024,MUJER,47,COLOMBIA,CALI,ADMINISTRADORA,EMPLEAD@,SOLTER@,$4.000.000,SOY REFERIDO
XA9,X,DISPONIBLE,, ,,,,,,,,,
XA10,X,DISPONIBLE,, ,,,,,,,,,
XA11,X,DISPONIBLE,, ,,,,,,,,,
XA12,X,VENDIDO,ANDREA OROZCO,31/7/2024,HOMBRE,53,COLOMBIA,CALI,EJECUTIVO BANCARIO,EMPLEAD@,CASAD@,$3.500.000,LOS VI EN REDES
XA13,X,DISPONIBLE,, ,,,,,,,,,
XA14,X,DISPONIBLE,TRASLADO VP,23/9/2024,,,,,,,,,
XA15,X,DISPONIBLE,, ,,,,,,,,,
XA16,X,DISPONIBLE,, ,,,,,,,,,
XA17,X,VENDIDO,DACION,1/4/2024,,,,,,,,,
XA18,X,DISPONIBLE,, ,,,,,,,,,
XA19,X,DISPONIBLE,, ,,,,,,,,,
XA20,X,DISPONIBLE,, ,,,,,,,,,
XA21,X,DISPONIBLE,, ,,,,,,,,,
XA22,X,DISPONIBLE,, ,,,,,,,,,
XA23,X,DISPONIBLE,, ,,,,,,,,,
XB1,X,DISPONIBLE,, ,,,,,,,,,
XE9,X,VENDIDO,GABRIELA RODRIGUEZ,4/7/2025,HOMBRE,23,COLOMBIA,JAMUNDÍ,COMERCIANTE,INDEPENDIENTE,SOLTER@,$2.000.000,PASÉ Y ENTRÉ
XB3,X,DISPONIBLE,, ,,,,,,,,,
XB4,X,DISPONIBLE,, ,,,,,,,,,
XB5,X,VENDIDO,LAURA DANIELA GALLO,23/6/2025,HOMBRE,25,COLOMBIA,CALI,INDEPENDIENTE,INDEPENDIENTE,SOLTER@,"$3,500,000",LOS VI EN REDES
XB6,X,VENDIDO,ISABEL ARBOLEDA ,19/11/2024,HOMBRE,27,COLOMBIA,PEREIRA ,,INDEPENDIENTE,UNIÓN LIBRE,$4.000.000,LOS VI EN REDES
XB7,X,DISPONIBLE,, ,,,,,,,,,
XB8,X,VENDIDO,TRASLADO, ,HOMBRE,31,COLOMBIA,JAMUNDÍ,INDEPENDIENTE,INDEPENDIENTE,UNIÓN LIBRE,"$2,500,000",
XB9,X,DISPONIBLE,, ,,,,,,,,,
XB10,X,VENDIDO,BM (CARLOS),1/4/2024,,,,,,,,,
XB11,X,VENDIDO,LAURA DANIELA GALLO,29/6/2025,MUJER,50,COLOMBIA,CALI,ADMINISTRADORA DE EMPRESAS,EMPLEAD@,DIVORCIAD@,"$4,000,000",REFERIDO
XB12,X,VENDIDO,LAURA DANIELA GALLO,29/6/2025,MUJER,55,COLOMBIA,BOGOTA,ENFERMERA,EMPLEAD@,VIUD@,"$3,500,000",REFERIDO
XB13,X,DISPONIBLE,, ,,,,,,,,,
XB14,X,DISPONIBLE,, ,,,,,,,,,
XB15,X,VENDIDO,ISABEL ARBOLEDA,8/11/2024,MUJER,53,ESTADOS UNIDOS,LOGANVILLE,,EMPLEAD@,CASAD@,$8.000.000,SOY REFERIDO
XB16,X,DISPONIBLE,, ,,,,,,,,,
XB17,X,DISPONIBLE,, ,,,,,,,,,
XB18,X,DISPONIBLE,, ,,,,,,,,,
XC1,X,VENDIDO,BM (CARLOS),1/4/2024,,,,,,,,,
XC2,X,VENDIDO,DACION,1/4/2024,,,,,,,,,
XC3,X,VENDIDO,DACION,1/4/2024,,,,,,,,,
XC4,X,VENDIDO,LAURA DANIELA GALLO,4/3/2025,HOMBRE,35,COLOMBIA,JAMUNDÍ,ENFERMERO,EMPLEAD@,SOLTER@,"$3,500,000",LOS VI EN REDES
XC5,X,VENDIDO,LAURA DANIELA GALLO,4/3/2025,MUJER,30,COLOMBIA,JAMUNDÍ,ENFERMERA,EMPLEAD@,SOLTER@,"$3,700,000",LOS VI EN REDES
XC6,X,VENDIDO,BM (CAMILO),1/4/2024,,,,,,,,,
XC7,X,VENDIDO,BM (CAMILO),1/4/2024,,,,,,,,,
XC8,X,DISPONIBLE,, ,,,,,,,,,
XC9,X,DISPONIBLE,, ,,,,,,,,,
XC10,X,VENDIDO,TRANSLADO VP,22/1/2025,MUJER,45,COLOMBIA,JAMUNDÍ,INDEPENDIENTE,INDEPENDIENTE,CASAD@,"$4,000,000",
XC11,X,VENDIDO,LAURA DANIELA GALLO,23/4/2025,MUJER,25,COLOMBIA,JAMUNDÍ,INDEPENDIENTE,INDEPENDIENTE,SOLTER@,"$4,000,000",LOS VI EN REDES
XC12,X,VENDIDO,ISABEL ARBOLEDA,23/10/2024,MUJER,44,COLOMBIA,CALI,,EMPLEAD@,SOLTER@,$3.000.000,LOS VI EN REDES
XC13,X,DISPONIBLE,, ,,,,,,,,,
XC14,X,DISPONIBLE,, ,,,,,,,,,
XC15,X,DISPONIBLE,,,,,,,,,,,
XC16,X,DISPONIBLE,, ,,,,,,,,,
XD1,X,VENDIDO,DACION,1/4/2024,,,,,,,,,
XD2,X,VENDIDO,TRASLADO VP,/9/,HOMBRE,71,COLOMBIA,JAMUNDÍ,PENSIONADO,INDEPENDIENTE,UNIÓN LIBRE,"$2,500,000",CLIENTE VP
XD3,X,VENDIDO,ISABEL ARBOLEDA,11/11/2024,HOMBRE,39,COLOMBIA,CALI,INGENIERO,EMPLEAD@,SOLTER@,$5.000.000,LOS VI EN REDES
XD4,X,DISPONIBLE,, ,,,,,,,,,
XD5,X,DISPONIBLE,, ,,,,,,,,,
XD6,X,DISPONIBLE,, ,,,,,,,,,
XD7,X,DISPONIBLE,, ,,,,,,,,,
XD8,X,DISPONIBLE,, ,,,,,,,,,
XG10,X,VENDIDO,GABRIELA RODRIGUEZ,13/7/2025,HOMBRE,24,COLOMBIA,CALI,DESARROLADOR SOFTWARE,EMPLEAD@,SOLTER@,$3.500.000,LOS VI EN REDES
XD10,X,DISPONIBLE,, ,,,,,,,,,
XD11,X,DISPONIBLE,,,,,,,,,,,
XD12,X,VENDIDO,TRASLADO VP,17/6/2025,MUJER,,ESTADOS UNIDOS,CINCINNATI,CONTADORA,INDEPENDIENTE,UNIÓN LIBRE,"$3,500,000",CLIENTE VP
XD13,X,DISPONIBLE,, ,,,,,,,,,
XD14,X,DISPONIBLE,, ,,,,,,,,,
XD15,X,DISPONIBLE,, ,,,,,,,,,
XD16,X,DISPONIBLE,, ,,,,,,,,,
XD17,X,DISPONIBLE,, ,,,,,,,,,
XD18,X,VENDIDO,VALERIA YEPES,30/7/2024,HOMBRE,32,COLOMBIA,cali,ANALISTA DE DATOS,EMPLEAD@,CASAD@,$3.500.000,LOS VI EN REDES
XE1,X,DISPONIBLE,, ,,,,,,,,,
XE2,X,DISPONIBLE,, ,,,,,,,,,
XE3,X,VENDIDO,BM (CAMILO),1/4/2024,,,,,,,,,
XE4,X,VENDIDO,BM (CAMILO),1/4/2024,,,,,,,,,
XE5,X,VENDIDO,BM (CAMILO),1/4/2024,,,,,,,,,
XE6,X,VENDIDO,BM (CAMILO),1/4/2024,,,,,,,,,
XE7,X,RESERVADO,ISABEL ARBOLEDA,30/10/2024,,,,,,,,,
XE8,X,VENDIDO,ISABEL ARBOLEDA,2/9/2024,HOMBRE,24,COLOMBIA,CALI,INGENIERO INDUSTRIAL,EMPLEAD@,SOLTER@,$4.500.000,SOY REFERIDO
XI12,X,VENDIDO,GABRIELA RODRIGUEZ,9/7/2025,MUJER,36,COLOMBIA,JAMUNDÍ,DOCENTE,EMPLEAD@,CASAD@,$3.500.000,LOS VI EN REDES
XE10,X,VENDIDO,ISABEL ARBOLEDA,15/2/2025,HOMBRE,22,COLOMBIA,JAMUNDÍ,COMERCIANTE,INDEPENDIENTE,UNIÓN LIBRE,$4.000.000,LOS VI EN REDES
XE11,X,VENDIDO,GABRIELA RODRIGUEZ,21/4/2025,HOMBRE,25,COLOMBIA,JAMUNDÍ,MILITAR,EMPLEAD@,UNIÓN LIBRE,$4.000.000,LOS VI EN REDES
XE12,X,VENDIDO,ISABEL ARBOLEDA ,30/7/2024,MUJER,44,COLOMBIA,CALI,ENFERMERA,EMPLEAD@,UNIÓN LIBRE,$2.500.000,LOS VI EN REDES
XE13,X,DISPONIBLE,, ,,,,,,,,,
XE14,X,DISPONIBLE,, ,,,,,,,,,
XE15,X,DISPONIBLE,, ,,,,,,,,,
XE16,X,VENDIDO,ANDREA OROZCO,4/6/2024,HOMBRE,45,COLOMBIA,CALI,PENSIONADO,EMPLEAD@,CASAD@,$3.500.000,LOS VI EN REDES
XE17,X,VENDIDO,ISABEL ARBOLEDA,30/10/2024,HOMBRE,42,ESTADOS UNIDOS,LOS ÁNGELES,,INDEPENDIENTE,SOLTER@,$8.000.000,SOY REFERIDO
XE18,X,DISPONIBLE,, ,,,,,,,,,
XE19,X,DISPONIBLE,, ,,,,,,,,,
XE20,X,VENDIDO,VALERIA YEPES,2/7/2024,MUJER,22,COLOMBIA,CALI,,INDEPENDIENTE,SOLTER@,$3.000.000,LOS VI EN REDES
XE21,X,VENDIDO,DACION,1/4/2024,,,,,,,,,
XI13,X,VENDIDO,GABRIELA RODRIGUEZ,16/7/2025,MUJER,45,COLOMBIA,VILLA RICA,ADMINISTRADORA,EMPLEAD@,SOLTER@,$2.500.000,LOS VI EN REDES
XE23,X,VENDIDO,LAURA DANIELA GALLO,11/4/2025,MUJER,30,INGLATERRA,LONDRES,COSMETOLOGA,EMPLEAD@,UNIÓN LIBRE,"$2,800,000",LOS VI EN REDES
XE24,X,VENDIDO,BM (HITALO),1//2025,,,,,,,,,
XE25,X,VENDIDO,BM (HITALO),1//2025,,,,,,,,,
XE26,X,DISPONIBLE,, ,,,,,,,,,
XI22,X,VENDIDO,LAURA DANIELA GALLO,11/7/2025,MUJER,35,ESPAÑA,,INDEPENDIENTE,INDEPENDIENTE,CASAD@,"$4,000,000",LOS VI EN REDES
XE28,X,DISPONIBLE,, ,,,,,,,,,
XF1,X,DISPONIBLE,, ,,,,,,,,,
XF2,X,VENDIDO,ISABEL ARBOLEDA,29/7/2024,HOMBRE,45,COLOMBIA,JAMUNDÍ,,INDEPENDIENTE,UNIÓN LIBRE,$3.000.000,PASÉ Y ENTRÉ
XF3,X,VENDIDO,JANIER VERA,12/8/2024,HOMBRE,26,COLOMBIA,JAMUNDÍ,OFICIAL DE CONSTRUCCION,EMPLEAD@,CASAD@,$3.000.000,SOY REFERIDO
XF4,X,VENDIDO,ISABEL ARBOLEDA,22/8/2024,HOMBRE,39,COLOMBIA,JAMUNDÍ,ABOGADO,EMPLEAD@,SOLTER@,$4.000.000,LOS VI EN REDES
XF5,X,VENDIDO,VALERIA YEPES,1/8/2024,MUJER,35,COLOMBIA,JAMUNDÍ,ENFERMERA,EMPLEAD@,CASAD@,$3.000.000,LOS VI EN REDES
XF6,X,VENDIDO,JANIER VERA,4/7/2024,HOMBRE,33,COLOMBIA,JAMUNDÍ,AVICULTOR,INDEPENDIENTE,CASAD@,$3.000.000,PASÉ Y ENTRÉ
XF7,X,DISPONIBLE,, ,,,,,,,,,
XF8,X,DISPONIBLE,, ,,,,,,,,,
XF9,X,VENDIDO,BM (CARLOS),1/4/2024,,,,,,,,,
XF10,X,VENDIDO,GABRIELA RODRIGUEZ,21/1/2025,MUJER,43,COLOMBIA,CALI,COMERCIANTE,EMPLEAD@,UNIÓN LIBRE,$3.000.000,LOS VI EN REDES
XF11,X,VENDIDO,ISABEL ARBOLEDA,29/1/2025,MUJER,43,COLOMBIA,CALI,COMERCIANTE,EMPLEAD@,UNIÓN LIBRE,$3.000.000,LOS VI EN REDES
XF12,X,VENDIDO,GABRIELA RODRIGUEZ,29/1/2025,MUJER,43,COLOMBIA,CALI,COMERCIANTE,EMPLEAD@,UNIÓN LIBRE,$3.000.000,LOS VI EN REDES
XJ12,X,VENDIDO,GABRIELA RODRIGUEZ,8/7/2025,HOMBRE,21,COLOMBIA,JAMUNDÍ,COMERCIANTE,INDEPENDIENTE,SOLTER@,$2.500.000,SOY REFERIDO
XF14,X,DISPONIBLE,, ,,,,,,,,,
XF15,X,DISPONIBLE,, ,,,,,,,,,
XF16,X,DISPONIBLE,, ,,,,,,,,,
XF17,X,DISPONIBLE,, ,,,,,,,,,
XF18,X,VENDIDO,ISABEL ARBOLEDA,10/9/2024,HOMBRE,50,COLOMBIA,CALI,SOLDADOR,INDEPENDIENTE,CASAD@,$3.000.000,PASÉ Y ENTRÉ
XF19,X,VENDIDO,ISABEL ARBOLEDA,29/11/2024,HOMBRE,64,COLOMBIA,CALI,QUIMICO,EMPLEAD@,CASAD@,$4.000.000,PASÉ Y ENTRÉ
XF20,X,VENDIDO,ISABEL ARBOLEDA,27/12/2024,MUJER,27,COLOMBIA,JAMUNDÍ,,EMPLEAD@,SOLTER@,$3.000.000,SOY REFERIDO
XF21,X,VENDIDO,GABRIELA RODRIGUEZ,28/12/2024,MUJER,34,COLOMBIA,ROBLES,COMERCIANTE,INDEPENDIENTE,CASAD@,$3.000.000,PASÉ Y ENTRÉ
XF22,X,VENDIDO,ISABEL ARBOLEDA,16/7/2024,HOMBRE,52,COLOMBIA,JAMUNDÍ,GOTA GOTA ,INDEPENDIENTE,UNIÓN LIBRE,$3.000.000,"LOS VI EN REDES, PERO NO ESCRIBÍ"
XF23,X,DISPONIBLE,, ,,,,,,,,,
XF24,X,DISPONIBLE,, ,,,,,,,,,
XF25,X,VENDIDO,DACION,1/4/2024,,,,,,,,,
XF26,X,VENDIDO,LAURA DANIELA GALLO,14/6/2025,HOMBRE,38,COLOMBIA,PEREIRA,INGENIERO CIVIL,EMPLEAD@,SOLTER@,"$3,000,000",LOS VI EN REDES
XF27,X,DISPONIBLE,, ,,,,,,,,,
XF28,X,DISPONIBLE,, ,,,,,,,,,
XF29,X,DISPONIBLE,, ,,,,,,,,,
XF30,X,DISPONIBLE,, ,,,,,,,,,
XF31,X,DISPONIBLE,, ,,,,,,,,,
XF32,X,DISPONIBLE,, ,,,,,,,,,
XG1,X,DISPONIBLE,, ,,,,,,,,,
XG2,X,VENDIDO,ISABEL ARBOLEDA,24/9/2024,HOMBRE,57,COLOMBIA,JAMUNDÍ,,EMPLEAD@,UNIÓN LIBRE,$3.000.000,PASÉ Y ENTRÉ
XG3,X,VENDIDO,ISABEL ARBOLEDA,23/12/2024,MUJER,43,ESPAÑA,,,INDEPENDIENTE,SOLTER@,$5.000.000,SOY REFERIDO
XG4,X,VENDIDO,GABRIELA RODRIGUEZ,26/3/2025,MUJER,55,COLOMBIA,CALI,COMERCIANTE,INDEPENDIENTE,UNIÓN LIBRE,$2.000.000,SOY REFERIDO
XG5,X,VENDIDO,GABRIELA RODRIGUEZ,14/4/2025,MUJER,24,COLOMBIA,CALI,AUX. COCINA,EMPLEAD@,UNIÓN LIBRE,$5.000.000,SOY REFERIDO
XG6,X,VENDIDO,GABRIELA RODRIGUEZ,31/3/2025,MUJER,27,COLOMBIA,CALI,COMERCIANTE,INDEPENDIENTE,UNIÓN LIBRE,$2.000.000,SOY REFERIDO
XJ22,X,VENDIDO,LAURA DANIELA GALLO,1/7/2025,MUJER,42,INGLATERRA,LONDRES,INDEPENDIENTE,INDEPENDIENTE,CASAD@,"$4,000,000",REFERIDO
XG8,X,DISPONIBLE,, ,,,,,,,,,
XG9,X,DISPONIBLE,, ,,,,,,,,,
XE27,X,VENDIDO,GABRIELA RODRIGUEZ,1/8/2025,HOMBRE,25,COLOMBIA,CALI,BIOMEDICO,EMPLEAD@,SOLTER@,$4.000.000,LOS VI EN REDES
XG11,X,VENDIDO,BM (CARLOS),1/4/2024,,,,,,,,,
XG12,X,VENDIDO,ISABEL ARBOLEDA,31/1/2025,MUJER,38,COLOMBIA,CALI,COMERCIANTE,INDEPENDIENTE,SOLTER@,$2.500.000,SOY REFERIDO
XG13,X,DISPONIBLE,, ,,,,,,,,,
XG14,X,DISPONIBLE,, ,,,,,,,,,
XG15,X,DISPONIBLE,, ,,,,,,,,,
XG16,X,DISPONIBLE,, ,,,,,,,,,
XG17,X,DISPONIBLE,, ,,,,,,,,,
XG18,X,VENDIDO,GABRIELA RODRIGUEZ,20/1/2025,HOMBRE,38,COLOMBIA,BOGOTA,SUBOFICIAL DEL EJERCITO,EMPLEAD@,SOLTER@,$3.500.000,SOY REFERIDO
XG19,X,DISPONIBLE,, ,,,,,,,,,
XG20,X,VENDIDO,DACION,1/4/2024,,,,,,,,,
XG21,X,DISPONIBLE,, ,,,,,,,,,
XG22,X,DISPONIBLE,, ,,,,,,,,,
XG23,X,DISPONIBLE,, ,,,,,,,,,
XG24,X,DISPONIBLE,, ,,,,,,,,,
XG25,X,DISPONIBLE,, ,,,,,,,,,
XG26,X,DISPONIBLE,, ,,,,,,,,,
XG27,X,DISPONIBLE,, ,,,,,,,,,
XG28,X,DISPONIBLE,, ,,,,,,,,,
XG29,X,DISPONIBLE,, ,,,,,,,,,
XG30,X,DISPONIBLE,, ,,,,,,,,,
XG31,X,DISPONIBLE,, ,,,,,,,,,
XG32,X,DISPONIBLE,, ,,,,,,,,,
XH1,X,DISPONIBLE,, ,,,,,,,,,
XH2,X,VENDIDO,GABRIELA RODRIGUEZ,31/3/2025,HOMBRE,46,COLOMBIA,BUENAVENTURA,COORDINADOR OPERATIVO,EMPLEAD@,SOLTER@,$2.500.000,LOS VI EN REDES
XH3,X,DISPONIBLE,, ,,,,,,,,,
XH4,X,VENDIDO,ANDREA OROZCO,10/5/2024,MUJER,33,COLOMBIA,JAMUNDÍ,PSICOLOGA,EMPLEAD@,UNIÓN LIBRE,"$4,000,000",SOY REFERIDO
XH5,X,DISPONIBLE,, ,,,,,,,,,
XH6,X,DISPONIBLE,, ,,,,,,,,,
XH7,X,DISPONIBLE,, ,,,,,,,,,
XH8,X,DISPONIBLE,, ,,,,,,,,,
XH9,X,DISPONIBLE,, ,,,,,,,,,
XH10,X,DISPONIBLE,, ,,,,,,,,,
XH11,X,VENDIDO,ISABEL ARBOLEDA,16/2/2025,HOMBRE,43,COLOMBIA,CALI,ADMINISTRADOR,EMPLEAD@,UNIÓN LIBRE,$4.000.000,LOS VI EN REDES
XH12,X,VENDIDO,ISABEL ARBOLEDA,16/2/2025,HOMBRE,43,COLOMBIA,CALI,ADMINISTRADOR,EMPLEAD@,UNIÓN LIBRE,$4.000.000,LOS VI EN REDES
XH13,X,VENDIDO,GABRIELA RODRIGUEZ,22/4/2025,HOMBRE,42,COLOMBIA,CALI,INGENIERO CIVIL,EMPLEAD@,SOLTER@,$4.000.000,LOS VI EN REDES
XH14,X,DISPONIBLE,, ,,,,,,,,,
XH15,X,DISPONIBLE,, ,,,,,,,,,
XH16,X,DISPONIBLE,, ,,,,,,,,,
XH17,X,DISPONIBLE,, ,,,,,,,,,
XH18,X,DISPONIBLE,, ,,,,,,,,,
XH19,X,DISPONIBLE,, ,,,,,,,,,
XH20,X,DISPONIBLE,, ,,,,,,,,,
XH21,X,DISPONIBLE,, ,,,,,,,,,
XH22,X,DISPONIBLE,, ,,,,,,,,,
XH23,X,DISPONIBLE,, ,,,,,,,,,
XH24,X,DISPONIBLE,, ,,,,,,,,,
XH25,X,DISPONIBLE,, ,,,,,,,,,
XH26,X,DISPONIBLE,, ,,,,,,,,,
XH27,X,DISPONIBLE,, ,,,,,,,,,
XH28,X,DISPONIBLE,, ,,,,,,,,,
XH29,X,DISPONIBLE,, ,,,,,,,,,
XH30,X,DISPONIBLE,, ,,,,,,,,,
XH31,X,DISPONIBLE,, ,,,,,,,,,
XH32,X,VENDIDO,ISABEL ARBOLEDA,15/10/2024,HOMBRE,24,COLOMBIA,CALI,INGENIERO INDUSTRIAL,EMPLEAD@,SOLTER@,$4.500.000,SOY REFERIDO
XH33,X,DISPONIBLE,, ,,,,,,,,,
XI1,X,DISPONIBLE,, ,,,,,,,,,
XI2,X,VENDIDO,DACION,1/4/2024,,,,,,,,,
XI3,X,VENDIDO,ANDREA OROZCO,8/7/2024,HOMBRE,31,COLOMBIA,CALI,EJECUTIVO BANCARIO,EMPLEAD@,SOLTER@,$4.000.000,LOS VI EN REDES
XI4,X,VENDIDO,JANIER VERA,24/6/2024,HOMBRE,39,COLOMBIA,CALI,ADMINISTRADOR PUBLICO,EMPLEAD@,CASAD@,$3.500.000,NO LOS CONOCÍA
XI5,X,VENDIDO,ISABEL ARBOLEDA,15/2/2025,MUJER,44,COLOMBIA,JAMUNDÍ,ASESORA DE VENTAS,EMPLEAD@,UNIÓN LIBRE,$3.000.000,LOS VI EN REDES
XI6,X,VENDIDO,GABRIELA RODRIGUEZ,19/2/2025,MUJER,45,COLOMBIA,CALI,ADMINISTRADORA,EMPLEAD@,SOLTER@,$3.000.000,SOY REFERIDO
XI7,X,VENDIDO,GABRIELA RODRIGUEZ,15/2/2025,MUJER,42,COLOMBIA,JAMUNDÍ,GERENTE GENERAL,INDEPENDIENTE,CASAD@,$7.000.000,PASÉ Y ENTRÉ
XI8,X,DISPONIBLE,, ,,,,,,,,,
XI9,X,DISPONIBLE,, ,,,,,,,,,
XI10,X,VENDIDO,BM (CARLOS),1/4/2024,,,,,,,,,
XI11,X,DISPONIBLE,, ,,,,,,,,,
XB2,X,VENDIDO,LAURA DANIELA GALLO,15/7/2025,MUJER,37,COLOMBIA,CALI,CONTADORA,EMPLEAD@,UNIÓN LIBRE,"$3,650,000",LOS VI EN REDES
XE22,X,VENDIDO,LAURA DANIELA GALLO,25/07/2025,MUJER,29,COLOMBIA,SUAREZ,INDEPENDIENTE,INDEPENDIENTE,UNIÓN LIBRE,"$3,600,000",REFERIDO
XI14,X,DISPONIBLE,, ,,,,,,,,,
XI15,X,DISPONIBLE,, ,,,,,,,,,
XI16,X,DISPONIBLE,, ,,,,,,,,,
XI17,X,DISPONIBLE,, ,,,,,,,,,
XI18,X,VENDIDO,VALERIA YEPES,29/6/2024,MUJER,50,COLOMBIA,JAMUNDÍ,,INDEPENDIENTE,UNIÓN LIBRE,$3.000.000,LOS VI EN REDES
XI19,X,VENDIDO,INNVERTO,8/11/2024,MUJER,40,COLOMBIA,PASTO,DOCENTE,EMPLEAD@,SOLTER@,$3.000.000,LOS VI EN REDES
XI20,X,VENDIDO,LAURA DANIELA GALLO,31/5/2025,HOMBRE,40,INGLATELLA,LONDRES,INDEPENDIENTE,INDEPENDIENTE,CASAD@,"$4,000,000",LOS VI EN REDES
XI21,X,VENDIDO,GABRIELA RODRIGUEZ,20/11/2024,HOMBRE,36,COLOMBIA,CALI,COMERCIANTE,INDEPENDIENTE,CASAD@,$5.000.000,LOS VI EN REDES
XD9,X,VENDIDO,LAURA DANIELA GALLO,14/8/2025,MUJER,35,COLOMBIA,JAMUNDÍ,INDEPENDIENTE,INDEPENDIENTE,UNIÓN LIBRE,"$4,000,000",LOS VI EN REDES
XI23,X,VENDIDO,GABRIELA RODRIGUEZ,21/2/2025,MUJER,42,COLOMBIA,JAMUNDÍ,GERENTE GENERAL,INDEPENDIENTE,CASAD@,$7.000.000,PASÉ Y ENTRÉ
XI24,X,VENDIDO,ISABEL ARBOLEDA,30/12/2024,HOMBRE,35,COLOMBIA,JAMUNDÍ,GUARDA DE SEGURIDAD,EMPLEAD@,UNIÓN LIBRE,$3.000.000,PASÉ Y ENTRÉ
XI25,X,DISPONIBLE,, ,,,,,,,,,
XI26,X,VENDIDO,BM (CARLOS),1/4/2024,,,,,,,,,
XI27,X,VENDIDO,JANIER VERA,26/9/2024,HOMBRE,27,COLOMBIA,JAMUNDÍ,TECNICO ELECTRICISTA,EMPLEAD@,SOLTER@,$3.000.000,LOS VI EN REDES
XI28,X,VENDIDO,LAURA DANIELA GALLO,29/4/2025,HOMBRE,30,COLOMBIA,JAMUNDÍ,CONSTRUCTOR,EMPLEAD@,UNIÓN LIBRE,"$3,000,000",LOS VI EN REDES
XI29,X,DISPONIBLE,, ,,,,,,,,,
XI30,X,VENDIDO,LAURA DANIELA GALLO,5/6/2025,MUJER,40,COLOMBIA,CALI,ENFERMERA,EMPLEAD@,DIVORCIAD@,"$3,800,000",LOS VI EN REDES
XI31,X,DISPONIBLE,, ,,,,,,,,,
XJ1,X,DISPONIBLE,, ,,,,,,,,,
XJ2,X,VENDIDO,GABRIELA RODRIGUEZ,23/2/2025,MUJER,55,COLOMBIA,CALI,JEFE DE VENTAS,EMPLEAD@,UNIÓN LIBRE,$3.000.000,SOY REFERIDO
XJ3,X,VENDIDO,DACION,1/4/2024,,,,,,,,,
XJ4,X,VENDIDO,GABRIELA RODRIGUEZ,12/3/2025,HOMBRE,55,COLOMBIA,CALI,COMERCIANTE,INDEPENDIENTE,UNIÓN LIBRE,$4.000.000,PASÉ Y ENTRÉ
XJ5,X,DISPONIBLE,, ,,,,,,,,,
XJ6,X,DISPONIBLE,, ,,,,,,,,,
XJ7,X,VENDIDO,ISABEL ARBOLEDA,5/9/2024,HOMBRE,34,COLOMBIA,CALI,,INDEPENDIENTE,UNIÓN LIBRE,$3.500.000,LOS VI EN REDES
XJ8,X,VENDIDO,BM (CARLOS),1/4/2024,,,,,,,,,
XJ9,X,VENDIDO,BM (CARLOS),1/4/2024,,,,,,,,,
XJ10,X,VENDIDO,GABRIELA RODRIGUEZ,7/4/2025,HOMBRE,40,COLOMBIA,JAMUNDÍ,COMERCIANTE,INDEPENDIENTE,UNIÓN LIBRE,$3.000.000,LOS VI EN REDES
XJ11,X,VENDIDO,GABRIELA RODRIGUEZ,2/5/2025,MUJER,43,COLOMBIA,JAMUNDÍ,FUNCIONARIA PÚBLICA,EMPLEAD@,UNIÓN LIBRE,$5.000.000,LOS VI EN REDES
XF13,X,VENDIDO,LAURA DANIELA GALLO,5/8/2025,HOMBRE,29,COLOMBIA,CALI,ADMINISTRADOR DE EMPRESAS,EMPLEAD@,CASAD@,"$4,000,000",LOS VI EN REDES
XJ13,X,DISPONIBLE,, ,,,,,,,,,
XJ14,X,DISPONIBLE,, ,,,,,,,,,
XJ15,X,DISPONIBLE,, ,,,,,,,,,
XJ16,X,DISPONIBLE,, ,,,,,,,,,
XJ17,X,DISPONIBLE,, ,,,,,,,,,
XJ18,X,DISPONIBLE,, ,,,,,,,,,
XJ19,X,DISPONIBLE,, ,,,,,,,,,
XJ20,X,VENDIDO,JULIANA GIRONZA,27/12/2024,MUJER,57,COLOMBIA,CALI,ENFERMERA,EMPLEAD@,UNIÓN LIBRE,$3.500.000,LOS VI EN REDES
XG7,X,VENDIDO,LAURA DANIELA GALLO,12/8/2025,HOMBRE,25,ESPAÑA,,INDEPENDIENTE,INDEPENDIENTE,UNIÓN LIBRE,"$4,000,000",REFERIDO
XJ21,X,VENDIDO,LAURA DANIELA GALLO,16/8/2025,MUJER,32,COLOMBIA,SUAREZ,INDEPENDIENTE,INDEPENDIENTE,UNIÓN LIBRE,"$4,000,000",LOS VI EN REDES
XJ23,X,VENDIDO,ISABEL ARBOLEDA,28/1/2025,MUJER,43,COLOMBIA,MEDELLIN,,EMPLEAD@,SOLTER@,$3.000.000,SOY REFERIDO
XJ24,X,DISPONIBLE,, ,,,,,,,,,
XJ25,X,DISPONIBLE,, ,,,,,,,,,
XJ26,X,DISPONIBLE,, ,,,,,,,,,
XJ27,X,VENDIDO,BM (CARLOS),1/4/2024,,,,,,,,,
XJ28,X,VENDIDO,LAURA DANIELA GALLO,11/8/2025,HOMBRE,36,COLOMBIA,CALI,ARQUITECTO,EMPLEAD@,SOLTER@,"$4,500,000",LOS VI EN REDES
XJ29,X,DISPONIBLE,, ,,,,,,,,,
XJ30,X,DISPONIBLE,, ,,,,,,,,,
XJ31,X,DISPONIBLE,, ,,,,,,,,,
XJ32,X,DISPONIBLE,, ,,,,,,,,,
XJ33,X,DISPONIBLE,, ,,,,,,,,,
XJ34,X,DISPONIBLE,, ,,,,,,,,,
XJ35,X,DISPONIBLE,, ,,,,,,,,,
XJ36,X,DISPONIBLE,, ,,,,,,,,,
XJ37,X,DISPONIBLE,, ,,,,,,,,,
XJ38,X,DISPONIBLE,, ,,,,,,,,,
XK1,X,DISPONIBLE,, ,,,,,,,,,
XK2,X,VENDIDO,ISABEL ARBOLEDA,24/2/2025,MUJER,47,COLOMBIA,JAMUNDÍ,,EMPLEAD@,SOLTER@,$2.500.000,SOY REFERIDO
XK3,X,DISPONIBLE,, ,,,,,,,,,
XK4,X,VENDIDO,ISABEL ARBOLEDA ,3/12/2024,HOMBRE,27,COLOMBIA,CALI,INGENIERO CIVIL,EMPLEAD@,SOLTER@,$3.000.000,LOS VI EN REDES
XK5,X,DISPONIBLE,, ,,,,,,,,,
XK6,X,DISPONIBLE,, ,,,,,,,,,
XK7,X,VENDIDO,LAURA DANIELA GALLO,9/8/2025,MUJER,24,COLOMBIA,JAMUNDÍ,INDEPENDIENTE,INDEPENDIENTE,SOLTER@,"$4,000,000",LOS VI EN REDES
XK8,X,DISPONIBLE,, ,,,,,,,,,
XK9,X,DISPONIBLE,, ,,,,,,,,,
XK10,X,VENDIDO,GABRIELA RODRIGUEZ,26/6/2025,HOMBRE,50,COLOMBIA,JAMUNDÍ,DOCENTE,EMPLEAD@,CASAD@,$4.000.000,PASÉ Y ENTRÉ
XK11,X,DISPONIBLE,, ,,,,,,,,,
XK12,X,DISPONIBLE,, ,,,,,,,,,
XK13,X,DISPONIBLE,, ,,,,,,,,,
XK14,X,DISPONIBLE,, ,,,,,,,,,
XK15,X,DISPONIBLE,, ,,,,,,,,,
XK16,X,DISPONIBLE,, ,,,,,,,,,
XK17,X,DISPONIBLE,, ,,,,,,,,,
XK18,X,RESERVADO,JMFD, ,,,,,,,,,
XK19,X,DISPONIBLE,, ,,,,,,,,,
XK20,X,DISPONIBLE,, ,,,,,,,,,
XK21,X,DISPONIBLE,, ,,,,,,,,,
XK22,X,DISPONIBLE,, ,,,,,,,,,
XK23,X,VENDIDO,JANIER VERA,16/9/2024,HOMBRE,40,COLOMBIA,JAMUNDÍ,ESCOLTA DE SEGURIDAD,EMPLEAD@,UNIÓN LIBRE,$3.000.000,PASÉ Y ENTRÉ
XK24,X,DISPONIBLE,, ,,,,,,,,,
XK25,X,DISPONIBLE,, ,,,,,,,,,
XK26,X,DISPONIBLE,, ,,,,,,,,,
XK27,X,DISPONIBLE,, ,,,,,,,,,
XK28,X,DISPONIBLE,, ,,,,,,,,,
XK29,X,DISPONIBLE,, ,,,,,,,,,
XK30,X,DISPONIBLE,, ,,,,,,,,,
XK31,X,VENDIDO,VALERIA YEPES,7/5/2024,HOMBRE,44,COLOMBIA,JAMUNDÍ,ELECTRICISTA,EMPLEAD@,CASAD@,$3.000.000,LOS VI EN REDES
XK32,X,DISPONIBLE,, ,,,,,,,,,
XK33,X,DISPONIBLE,, ,,,,,,,,,
XK34,X,DISPONIBLE,, ,,,,,,,,,
XK35,X,DISPONIBLE,, ,,,,,,,,,
XK36,X,DISPONIBLE,, ,,,,,,,,,
XK37,X,DISPONIBLE,, ,,,,,,,,,
XK38,X,DISPONIBLE,, ,,,,,,,,,
XK39,X,DISPONIBLE,, ,,,,,,,,,
XK40,X,DISPONIBLE,, ,,,,,,,,,
XK41,X,DISPONIBLE,, ,,,,,,,,,
XK42,X,DISPONIBLE,, ,,,,,,,,,
XK43,X,DISPONIBLE,, ,,,,,,,,,
XL1,X,VENDIDO,VALERIA YEPES,2/6/2024,HOMBRE,43,COLOMBIA,CALI,ACTIVIDADES DE RECUPERACION FISICA ,EMPLEAD@,CASAD@,$3.500.000,LOS VI EN REDES
XL2,X,VENDIDO,ANDREA OROZCO,24/7/2024,MUJER,44,COLOMBIA,CALI,ENFERMERA,EMPLEAD@,SOLTER@,$3.500.000,SOY REFERIDO
XL3,X,DISPONIBLE,, ,,,,,,,,,
XL4,X,VENDIDO,ISABEL ARBOLEDA,28/8/2024,MUJER,32,COLOMBIA,CALI,DISEÑADORA GRAFICA,EMPLEAD@,UNIÓN LIBRE,$3.000.000,LOS VI EN REDES
XL5,X,DISPONIBLE,, ,,,,,,,,,
XL6,X,DISPONIBLE,, ,,,,,,,,,
XL7,X,DISPONIBLE,, ,,,,,,,,,
XL8,X,DISPONIBLE,, ,,,,,,,,,
XL9,X,VENDIDO,BM (CARLOS),1/4/2024,,,,,,,,,
XL10,X,VENDIDO,BM (CARLOS),1/4/2024,,,,,,,,,
XL11,X,VENDIDO,INNVERTO,15/10/2024,HOMBRE,36,COLOMBIA,CALI,,EMPLEAD@,UNIÓN LIBRE,$5.000.000,LOS VI EN REDES
XL12,X,VENDIDO,GABRIELA RODRIGUEZ,15/1/2025,MUJER,55,COLOMBIA,CALI,DISEÑADORA GRAFICA,INDEPENDIENTE,SOLTER@,$7.000.000,LOS VI EN REDES
XL13,X,DISPONIBLE,, ,,,,,,,,,
XL14,X,DISPONIBLE,, ,,,,,,,,,
XL15,X,DISPONIBLE,, ,,,,,,,,,
XL16,X,DISPONIBLE,, ,,,,,,,,,
XL17,X,DISPONIBLE,, ,,,,,,,,,
XL18,X,DISPONIBLE,, ,,,,,,,,,
XL19,X,DISPONIBLE,, ,,,,,,,,,
XL20,X,VENDIDO,ISABEL ARBOLEDA,25/9/2024,MUJER,35,COLOMBIA,CALI,ASESOR COMERCIAL ,EMPLEAD@,SOLTER@,$3.500.000,SOY REFERIDO
XL21,X,VENDIDO,LAURA DANIELA GALLO,1/2/2025,MUJER,38,COLOMBIA,SANTANDER,ABOGADA,EMPLEAD@,CASAD@,"$4,000,000",REFERIDO
XL22,X,DISPONIBLE,, ,,,,,,,,,
XLA1,XL,DISPONIBLE,, ,,,,,,,,,
XLA2,XL,DISPONIBLE,, ,,,,,,,,,
XLA3,XL,DISPONIBLE,, ,,,,,,,,,
XLA4,XL,DISPONIBLE,, ,,,,,,,,,
XLA5,XL,DISPONIBLE,, ,,,,,,,,,
XLA6,XL,DISPONIBLE,, ,,,,,,,,,
XLA7,XL,DISPONIBLE,, ,,,,,,,,,
XLA8,XL,DISPONIBLE,, ,,,,,,,,,
XLA9,XL,DISPONIBLE,, ,,,,,,,,,
XLB1,XL,VENDIDO,LAURA DANIELA GALLO,10/2/2025,HOMBRE,36,COLOMBIA,TIMBA,ABOGADO,EMPLEAD@,CASAD@,"$4,000,000",LOS VI EN REDES
XLB2,XL,VENDIDO,GABRIELA RODRIGUEZ,4/11/2024,MUJER,39,COLOMBIA,BUENAVENTURA,COMERCIANTE,EMPLEAD@,UNIÓN LIBRE,$4.500.000,SOY REFERIDO
XLB3,XL,VENDIDO,INNVERTO,22/11/2024,MUJER,58,COLOMBIA,JAMUNDÍ,,EMPLEAD@,SOLTER@,$5.000.000,SOY REFERIDO
XLB4,XL,VENDIDO,GABRIELA RODRIGUEZ,9/11/2024,MUJER,30,COLOMBIA,JAMUNDÍ,TECNOLOGA ADMINISTRATIVA,EMPLEAD@,UNIÓN LIBRE,$2.500.000,PASÉ Y ENTRÉ
XLB5,XL,VENDIDO,JANIER VERA,9/7/2024,HOMBRE,37,COLOMBIA,CALI,ODONTOLOGO,EMPLEAD@,CASAD@,$5.000.000,LOS VI EN REDES
XLB6,XL,DISPONIBLE,, ,,,,,,,,,
XLB7,XL,VENDIDO,ISABEL ARBOLEDA,28/4/2025,HOMBRE,50,COLOMBIA,JAMUNDÍ,COMERCIANTE,INDEPENDIENTE,CASAD@,$4.000.000,LOS VI EN REDES
XLB8,XL,DISPONIBLE,,,,,,,,,,,
XLB9,XL,DISPONIBLE,, ,,,,,,,,,
XLB10,XL,RESERVADO,BM (JHON),3/3/2025,,,,,,,,,
XLB11,XL,RESERVADO,BM (JHON),3/3/2025,,,,,,,,,
XLB12,XL,VENDIDO,INNVERTO,30/11/2024,MUJER,58,COLOMBIA,JAMUNDÍ,,EMPLEAD@,SOLTER@,$5.000.000,SOY REFERIDO
XLB13,XL,DISPONIBLE,, ,,,,,,,,,
XLB14,XL,DISPONIBLE,, ,,,,,,,,,
XLB15,XL,VENDIDO,VALERIA YEPES,22/7/2024,HOMBRE,45,COLOMBIA,JAMUNDÍ,,INDEPENDIENTE,CASAD@,$10.000.000,LOS VI EN REDES
XLB16,XL,DISPONIBLE,,,,,,,,,,,
XLB17,XL,DISPONIBLE,, ,,,,,,,,,
XLB18,XL,DISPONIBLE,,,,,,,,,,,
XLB19,XL,VENDIDO,ISABEL ARBOLEDA,11/9/2024,HOMBRE,42,COLOMBIA,PASTO ,INGENIERO INDUSTRIAL,INDEPENDIENTE,CASAD@,$5.000.000,LOS VI EN REDES
XLB20,XL,DISPONIBLE,, ,,,,,,,,,
XLC1,XL,DISPONIBLE,, ,,,,,,,,,
XLC2,XL,DISPONIBLE,, ,,,,,,,,,
XLC3,XL,VENDIDO,JANIER VERA,27/5/2024,MUJER,39,COLOMBIA,JAMUNDÍ,,INDEPENDIENTE,UNIÓN LIBRE,$3.000.000,PASÉ Y ENTRÉ
XLC4,XL,DISPONIBLE,, ,,,,,,,,,
XLC5,XL,DISPONIBLE,, ,,,,,,,,,
XLC6,XL,DISPONIBLE,, ,,,,,,,,,
XLC7,XL,DISPONIBLE,, ,,,,,,,,,
XLC8,XL,DISPONIBLE,, ,,,,,,,,,
XLC9,XL,DISPONIBLE,, ,,,,,,,,,
XLC10,XL,DISPONIBLE,, ,,,,,,,,,
XLC11,XL,DISPONIBLE,, ,,,,,,,,,
XLC12,XL,DISPONIBLE,, ,,,,,,,,,
XLC13,XL,DISPONIBLE,, ,,,,,,,,,
XLC14,XL,DISPONIBLE,, ,,,,,,,,,
XLC15,XL,DISPONIBLE,, ,,,,,,,,,
XLD1,XL,DISPONIBLE,, ,,,,,,,,,
XLD2,XL,VENDIDO,JANIER VERA,19/5/2024,MUJER,24,COLOMBIA,JAMUNDÍ,AUX DE TENIS EN CLUB,EMPLEAD@,SOLTER@,$3.000.000,LOS VI EN REDES
XLD3,XL,VENDIDO,ISABEL ARBOLEDA,18/2/2025,HOMBRE,30,COLOMBIA,CALI,,EMPLEAD@,SOLTER@,$4.000.000,SOY REFERIDO
XLD4,XL,VENDIDO,GABRIELA RODRIGUEZ,26/2/2025,MUJER,29,COLOMBIA,JAMUNDÍ,PSICÓLOGA,EMPLEAD@,UNIÓN LIBRE,$4.500.000,PASÉ Y ENTRÉ
XLD5,XL,DISPONIBLE,, ,,,,,,,,,
XLD6,XL,DISPONIBLE,, ,,,,,,,,,
XLD7,XL,DISPONIBLE,, ,,,,,,,,,
XLD8,XL,DISPONIBLE,, ,,,,,,,,,
XLD9,XL,VENDIDO,ISABEL ARBOLEDA,23/11/2024,HOMBRE,43,COLOMBIA,CALI,,INDEPENDIENTE,CASAD@,$7.000.000,SOY REFERIDO
XLD10,XL,VENDIDO,JANIER VERA,16/8/2024,MUJER,29,COLOMBIA,CALI,,INDEPENDIENTE,SOLTER@,$5.000.000,LOS VI EN REDES
XLD11,XL,VENDIDO,JANIER VERA,14/8/2024,MUJER,29,COLOMBIA,CALI,,INDEPENDIENTE,SOLTER@,$5.000.000,LOS VI EN REDES
XLD12,XL,DISPONIBLE,, ,,,,,,,,,
XLD13,XL,VENDIDO,VALERIA YEPES,5/9/2024,HOMBRE,54,COLOMBIA,CALI,MECANICO,EMPLEAD@,UNIÓN LIBRE,$4.000.000,LOS VI EN REDES
XLD14,XL,DISPONIBLE,, ,,,,,,,,,
XLD15,XL,DISPONIBLE,, ,,,,,,,,,
XLD16,XL,DISPONIBLE,, ,,,,,,,,,
XLD17,XL,VENDIDO,JANIER VERA,17/6/2024,HOMBRE,63,COLOMBIA,JAMUNDÍ,INGENIERO QUIMICO,EMPLEAD@,UNIÓN LIBRE,$4.000.000,PASÉ Y ENTRÉ
XLD18,XL,DISPONIBLE,, ,,,,,,,,,
XLD19,XL,VENDIDO,GABRIELA RODRIGUEZ,13/11/2024,HOMBRE,54,COLOMBIA,CALI,DOCENTE,EMPLEAD@,UNIÓN LIBRE,$4.000.000,LOS VI EN REDES
XLD20,XL,DISPONIBLE,, ,,,,,,,,,
XLD21,XL,DISPONIBLE,,,,,,,,,,,
XLE1,XL,VENDIDO,TRASLADO VP, ,HOMBRE,23,COLOMBIA,CALI,ING SOFWARE,INDEPENDIENTE,SOLTER@,"$5,000,000",CLIENTE DE VP
XLE2,XL,VENDIDO,ISABEL ARBOLEDA,8/8/2024,HOMBRE,54,COLOMBIA,CALI,OPERACION LOGISTICA,INDEPENDIENTE,CASAD@,$5.000.000,LOS VI EN REDES
XLE3,XL,VENDIDO,BM (CARLOS),1/4/2024,,,,,,,,,
XLE4,XL,VENDIDO,ANDREA OROZCO,31/5/2024,HOMBRE,50,ESPAÑA,,AGENTE HOTELERO,EMPLEAD@,CASAD@,$7.000.000,PASÉ Y ENTRÉ
XLE5,XL,VENDIDO,GABRIELA RODRIGUEZ,23/1/2025,HOMBRE,52,COLOMBIA,CALI,COMERCIANTE,INDEPENDIENTE,SOLTER@,$4.500.000,LOS VI EN REDES
XLE6,XL,VENDIDO,BM (DABEIDA), ,,,,,,,,,
XLE7,XL,VENDIDO,GABRIELA RODRIGUEZ,1/4/2025,HOMBRE,27,COLOMBIA,JAMUNDÍ,DOCENTE,EMPLEAD@,SOLTER@,$3.000.000,LOS VI EN REDES
XLE8,XL,DISPONIBLE,, ,,,,,,,,,
XLE9,XL,RESERVADO,BM (ENDO),1/8/2024,,,,,,,,,
XLE10,XL,VENDIDO,DACION,1/4/2024,,,,,,,,,
XLE11,XL,VENDIDO,DACION,1/4/2024,,,,,,,,,
XLE12,XL,VENDIDO,JANIER VERA,31/5/2024,MUJER,32,COLOMBIA,CALI,,INDEPENDIENTE,SOLTER@,$4.000.000,PASÉ Y ENTRÉ
XLE13,XL,VENDIDO,LAURA DANIELA GALLO,8/7/2025,HOMBRE,25,COLOMBIA,CALI,INDEPENDIENTE,INDEPENDIENTE,SOLTER@,"$4,000,000",REFERIDO
XLE14,XL,DISPONIBLE,,,,,,,,,,,
XLE15,XL,VENDIDO,LAURA DANIELA GALLO,30/4/2025,MUJER,39,COLOMBIA,JAMUNDÍ,CONTADORA,EMPLEAD@,SOLTER@,"$6,000,000",LOS VI EN REDES
XLE16,XL,DISPONIBLE,, ,,,,,,,,,
XLF1,XL,DISPONIBLE,, ,,,,,,,,,
XLF2,XL,VENDIDO,BM (CAMILO),1/4/2024,,,,,,,,,
XLF3,XL,VENDIDO,BM (CARLOS),1/4/2024,,,,,,,,,
XLF4,XL,VENDIDO,JANIER VERA,16/8/2024,MUJER,27,COLOMBIA,CALI,,EMPLEAD@,SOLTER@,$5.000.000,SOY REFERIDO
XLF5,XL,VENDIDO,JANIER VERA,16/8/2024,MUJER,27,COLOMBIA,CALI,,EMPLEAD@,SOLTER@,$5.000.000,SOY REFERIDO
XLF6,XL,VENDIDO,INNVERTO,12/10/2024,MUJER,30,COLOMBIA,CALI,CONDUCTORA,EMPLEAD@,SOLTER@,$3.000.000,LOS VI EN REDES
XLF7,XL,VENDIDO,ISABEL ARBOLEDA,25/9/2024,MUJER,50,COLOMBIA,CALI,ARMADA-MARINA ,EMPLEAD@,SOLTER@,$5.000.000,SOY REFERIDO
XLF8,XL,VENDIDO,JANIER VERA,12/7/2024,HOMBRE,23,COLOMBIA,CALI,ANALISTA DE CALIDAD,EMPLEAD@,UNIÓN LIBRE,$3.500.000,LOS VI EN REDES
XLF9,XL,DISPONIBLE,, ,,,,,,,,,
XLF10,XL,VENDIDO,JANIER VERA,10/6/2024,HOMBRE,40,COLOMBIA,CALI,CONTRATISTA,INDEPENDIENTE,UNIÓN LIBRE,$4.000.000,LOS VI EN REDES
XLF11,XL,VENDIDO,JANIER VERA,18/7/2024,MUJER,43,COLOMBIA,CALI,,EMPLEAD@,UNIÓN LIBRE,$3.000.000,LOS VI EN REDES
XLF12,XL,VENDIDO,JANIER VERA,18/7/2024,MUJER,32,COLOMBIA,JAMUNDÍ,ABOGADA,INDEPENDIENTE,UNIÓN LIBRE,$4.000.000,SOY REFERIDO
XLF13,XL,VENDIDO,VALERIA YEPES,29/8/2024,MUJER,31,COLOMBIA,CALI,,EMPLEAD@,CASAD@,$5.000.000,SOY REFERIDO
XLF14,XL,VENDIDO,JULIANA GIRONZA,20/12/2024,HOMBRE,38,COLOMBIA,CALI,COMERCIANTE,INDEPENDIENTE,UNIÓN LIBRE,$5.000.000,LOS VI EN REDES
XLF15,XL,VENDIDO,GABRIELA RODRIGUEZ,19/11/2024,MUJER,34,COLOMBIA,CALI,SUPERVISORA,EMPLEAD@,UNIÓN LIBRE,$7.000.000,SOY REFERIDO
XLF16,XL,VENDIDO,ISABEL ARBOLEDA,22/11/2024,HOMBRE,60,COLOMBIA,CANADA,,EMPLEAD@,CASAD@,$9.000.000,SOY REFERIDO
XLF17,XL,DISPONIBLE,, ,,,,,,,,,
XLG1,XL,DISPONIBLE,, ,,,,,,,,,
XLG2,XL,VENDIDO,LAURA DANIELA GALLO,12/7/2025,HOMBRE,36,COLOMBIA,JAMUNDÍ,ADMINISTRADOR DE EMPRESAS,EMPLEAD@,CASAD@,"$4,000,000",REFERIDO
XLG3,XL,VENDIDO,JANIER VERA,31/5/2024,MUJER,37,COLOMBIA,JAMUNDÍ,AUX ADMINISTRATIVO,EMPLEAD@,SOLTER@,$3.000.000,PASÉ Y ENTRÉ
XLG4,XL,VENDIDO,VALERIA YEPES,25/6/2024,HOMBRE,42,COLOMBIA,PALMIRA ,,EMPLEAD@,UNIÓN LIBRE,$3.000.000,LOS VI EN REDES
XLG5,XL,VENDIDO,VALERIA YEPES,27/8/2024,HOMBRE,59,COLOMBIA,CALI,OFICIOS VARIOS ,EMPLEAD@,SOLTER@,$4.000.000,LOS VI EN REDES
XLG6,XL,VENDIDO,ISABEL ARBOLEDA,1/9/2024,HOMBRE,45,COLOMBIA,CALI,,INDEPENDIENTE,CASAD@,$4.000.000,SOY REFERIDO
XLG7,XL,DISPONIBLE,, ,,,,,,,,,
XLG8,XL,DISPONIBLE,, ,,,,,,,,,
XLG9,XL,DISPONIBLE,,,,,,,,,,,
XLG10,XL,DISPONIBLE,, ,,,,,,,,,
XLG11,XL,DISPONIBLE,, ,,,,,,,,,
XLG12,XL,DISPONIBLE,, ,,,,,,,,,
XLG13,XL,VENDIDO,ISABEL ARBOLEDA,31/7/2024,MUJER,36,COLOMBIA,CALI,,INDEPENDIENTE,UNIÓN LIBRE,$5.000.000,SOY REFERIDO
XLG14,XL,VENDIDO,BM (CARLOS),1/4/2024,,,,,,,,,
XLG15,XL,DISPONIBLE,, ,,,,,,,,,
XLG16,XL,VENDIDO,INNVERTO,19/10/2024,MUJER,43,COLOMBIA,JAMUNDÍ,CONTADORA PÚBLICA,EMPLEAD@,SOLTER@,$6.000.000,PASÉ Y ENTRÉ
XLG17,XL,VENDIDO,ISABEL ARBOLEDA ,26/12/2024,HOMBRE,30,ESTADOS UNIDOS,,,EMPLEAD@,SOLTER@,$7.000.000,SOY REFERIDO
XLG18,XL,VENDIDO,GABRIELA RODRIGUEZ,26/2/2025,HOMBRE,30,COLOMBIA,TUMACO,ADMINISTRADOR,EMPLEAD@,SOLTER@,$5.000.000,LOS VI EN REDES
XLG19,XL,VENDIDO,GABRIELA RODRIGUEZ,16/7/2025,HOMBRE,32,COLOMBIA,JAMUNDÍ,ENFERMERO,EMPLEAD@,CASAD@,$7.000.000,LOS VI EN REDES
XLG20,XL,DISPONIBLE,, ,,,,,,,,,
XLG21,XL,DISPONIBLE,, ,,,,,,,,,
XLG22,XL,DISPONIBLE,, ,,,,,,,,,
XLG23,XL,DISPONIBLE,, ,,,,,,,,,
XLG24,XL,DISPONIBLE,, ,,,,,,,,,
XLH1,XL,DISPONIBLE,, ,,,,,,,,,
XLH2,XL,VENDIDO,VALERIA YEPES,23/6/2024,MUJER,30,COLOMBIA,JAMUNDÍ,AUX ADMINISTRATIVA ,EMPLEAD@,SOLTER@,$3.000.000,LOS VI EN REDES
XLH3,XL,VENDIDO,GABRIELA RODRIGUEZ,16/12/2024,HOMBRE,30,COLOMBIA,JAMUNDÍ,COMERCIANTE,EMPLEAD@,SOLTER@,$4.000.000,LOS VI EN REDES
XLH4,XL,DISPONIBLE,, ,,,,,,,,,
XLH5,XL,VENDIDO,DACION,1/4/2024,,,,,,,,,
XLH6,XL,VENDIDO,BM (CAMILO),1/4/2024,,,,,,,,,
XLH7,XL,VENDIDO,BM (CAMILO),1/4/2024,,,,,,,,,
XLH8,XL,VENDIDO,GABRIELA RODRIGUEZ,12/8/2025,MUJER,40,COLOMBIA,JAMUNDÍ,SUPERVISORA,EMPLEAD@,SOLTER@,$3.000.000,LOS VI EN REDES
XLH9,XL,VENDIDO,GABRIELA RODRIGUEZ,9/12/2024,HOMBRE,34,COLOMBIA,CAICEDONIA,INGENIERO,EMPLEAD@,CASAD@,$4.000.000,LOS VI EN REDES
XLH10,XL,VENDIDO,JULIANA GIRONZA,9/12/2024,MUJER,49,COLOMBIA,JAMUNDÍ,,EMPLEAD@,SOLTER@,$6.000.000,SOY REFERIDO
XLH11,XL,VENDIDO,GABRIELA RODRIGUEZ,9/12/2024,MUJER,43,COLOMBIA,CAICEDONIA,DOCENTE,EMPLEAD@,SOLTER@,$8.000.000,SOY REFERIDO
XLH12,XL,VENDIDO,GABRIELA RODRIGUEZ,11/12/2024,MUJER,54,COLOMBIA,BOGOTA,MODISTA,EMPLEAD@,SOLTER@,$8.000.000,SOY REFERIDO
XLH13,XL,DISPONIBLE,, ,,,,,,,,,
XLH14,XL,VENDIDO,INNVERTO,15/9/2024,HOMBRE,57,COLOMBIA,CALI,INGENIERO INDUSTRIAL,EMPLEAD@,SOLTER@,$6.000.000,LOS VI EN REDES
XLH15,XL,VENDIDO,ISABEL ARBOLEDA,16/9/2024,MUJER,36,COLOMBIA,CALI,DOCENTE,EMPLEAD@,UNIÓN LIBRE,$3.500.000,SOY REFERIDO
XLH16,XL,VENDIDO,ISABEL ARBOLEDA,12/9/2024,HOMBRE,45,COLOMBIA,BUENAVENTURA,CONTADOR,EMPLEAD@,UNIÓN LIBRE,$3.000.000,LOS VI EN REDES
XLH17,XL,DISPONIBLE,, ,,,,,,,,,
XLH18,XL,DISPONIBLE,, ,,,,,,,,,
XLH19,XL,VENDIDO,BM (CARLOS),1/4/2024,,,,,,,,,
XLH20,XL,VENDIDO,JANIER VERA,9/7/2024,MUJER,27,COLOMBIA,CALI,BACTERIOLOGA,EMPLEAD@,UNIÓN LIBRE,$4.000.000,PASÉ Y ENTRÉ
XLH21,XL,DISPONIBLE,, ,,,,,,,,,
XLH22,XL,VENDIDO,GABRIELA RODRIGUEZ,22/7/2025,HOMBRE,41,COLOMBIA,CALI,SUPERVISOR DE OBRA,INDEPENDIENTE,SOLTER@,$3.000.000,LOS VI EN REDES
XLH23,XL,VENDIDO,JULIANA GIRONZA,11/12/2024,MUJER,25,COLOMBIA,JAMUNDÍ,,EMPLEAD@,SOLTER@,$5.000.000,SOY REFERIDO
XLH24,XL,VENDIDO,GABRIELA RODRIGUEZ,9/12/2024,HOMBRE,23,COLOMBIA,JAMUNDÍ,ENFERMERO,EMPLEAD@,SOLTER@,$8.000.000,SOY REFERIDO
XLH25,XL,VENDIDO,GABRIELA RODRIGUEZ,9/12/2024,MUJER,23,COLOMBIA,IBAGUE,ENFERMERA,EMPLEAD@,SOLTER@,$6.500.000,SOY REFERIDO
XLH26,XL,DISPONIBLE,, ,,,,,,,,,
XLI1,XL,VENDIDO,JANIER VERA,10/4/2024,,,COLOMBIA,,,,,,
XLI2,XL,VENDIDO,VALERIA YEPES,27/9/2024,MUJER,55,COLOMBIA,PUERTO TEJADA,AMA DE CASA,INDEPENDIENTE,CASAD@,$3.000.000,LOS VI EN REDES
XLI3,XL,VENDIDO,GABRIELA RODRIGUEZ,5/5/2025,MUJER,43,COLOMBIA,JAMUNDÍ,,INDEPENDIENTE,SOLTER@,$2.500.000,PASÉ Y ENTRÉ
XLI4,XL,VENDIDO,DACION,1/4/2024,,,,,,,,,
XLI5,XL,DISPONIBLE,, ,,,,,,,,,
XLI6,XL,DISPONIBLE,, ,,,,,,,,,
XLI7,XL,VENDIDO,DACION,1/4/2024,,,,,,,,,
XLI8,XL,VENDIDO,LAURA DANIELA GALLO,21/4/2025,HOMBRE,32,COLOMBIA,JAMUNDÍ,MILITAR,EMPLEAD@,CASAD@,"$5,800,000",LOS VI EN REDES
XLI9,XL,VENDIDO,LAURA DANIELA GALLO,21/4/2025,HOMBRE,32,COLOMBIA,JAMUNDÍ,MILITAR,EMPLEAD@,CASAD@,"$5,800,000",LOS VI EN REDES
XLI10,XL,VENDIDO,GABRIELA RODRIGUEZ,20/5/2025,MUJER,35,COLOMBIA,JAMUNDÍ,,INDEPENDIENTE,UNIÓN LIBRE,$2.500.000,PASÉ Y ENTRÉ
XLI11,XL,VENDIDO,GABRIELA RODRIGUEZ,20/5/2025,MUJER,40,COLOMBIA,JAMUNDÍ,MANICURISTA,EMPLEAD@,SOLTER@,$2.500.000,SOY REFERIDO
XLI12,XL,DISPONIBLE,, ,,,,,,,,,
XLI13,XL,DISPONIBLE,, ,,,,,,,,,
XLI14,XL,DISPONIBLE,, ,,,,,,,,,
XLI15,XL,DISPONIBLE,, ,,,,,,,,,
XLI16,XL,DISPONIBLE,, ,,,,,,,,,
XLI17,XL,DISPONIBLE,, ,,,,,,,,,
XLI18,XL,DISPONIBLE,, ,,,,,,,,,
XLI19,XL,DISPONIBLE,, ,,,,,,,,,
XLI20,XL,VENDIDO,DACION,1/4/2024,,,,,,,,,
XLI21,XL,VENDIDO,JANIER VERA,7/9/2024,MUJER,47,COLOMBIA,YUMBO,CONTADORA,EMPLEAD@,SOLTER@,$4.000.000,LOS VI EN REDES
XLI22,XL,VENDIDO,VALERIA YEPES,24/9/2024,MUJER,45,COLOMBIA,JAMUNDÍ,DOCENTE,EMPLEAD@,SOLTER@,$4.000.000,LOS VI EN REDES
XLI23,XL,DISPONIBLE,, ,,,,,,,,,
XLI24,XL,VENDIDO,LAURA DANIELA GALLO,12/8/2025,MUJER,30,COLOMBIA,TIMBA,INDEPENDIENTE,INDEPENDIENTE,UNIÓN LIBRE,"$3,500,000",REFERIDO
XLI25,XL,DISPONIBLE,, ,,,,,,,,,
XLI26,XL,DISPONIBLE,, ,,,,,,,,,
XLJ1,XL,DISPONIBLE,, ,,,,,,,,,
XLJ2,XL,VENDIDO,JANIER VERA,17/8/2024,HOMBRE,29,COLOMBIA,JAMUNDÍ,MAESTRO,EMPLEAD@,SOLTER@,$3.000.000,SOY REFERIDO
XLJ3,XL,VENDIDO,JANIER VERA,27/8/2024,HOMBRE,51,COLOMBIA,JAMUNDÍ,CONDUCTOR,EMPLEAD@,SOLTER@,$3.000.000,SOY REFERIDO
XLJ4,XL,VENDIDO,JANIER VERA,28/8/2024,MUJER,31,COLOMBIA,JAMUNDÍ,DOCENTE,EMPLEAD@,SOLTER@,$3.000.000,SOY REFERIDO
XLJ5,XL,DISPONIBLE,, ,,,,,,,,,
XLJ6,XL,DISPONIBLE,, ,,,,,,,,,
XLJ7,XL,DISPONIBLE,, ,,,,,,,,,
XLJ8,XL,VENDIDO,VALERIA YEPES,30/8/2024,MUJER,32,COLOMBIA,CALI,,INDEPENDIENTE,SOLTER@,$3.000.000,LOS VI EN REDES
XLJ9,XL,DISPONIBLE,,,,,,,,,,,
XLJ10,XL,VENDIDO,ISABEL ARBOLEDA,2/12/2024,MUJER,29,COLOMBIA,CALI,ADMINISTRATIVA,EMPLEAD@,SOLTER@,$2.500.000,LOS VI EN REDES
XLJ11,XL,VENDIDO,GABRIELA RODRIGUEZ,16/1/2025,MUJER,26,COLOMBIA,JAMUNDÍ,TOPOGRAFA,EMPLEAD@,SOLTER@,$5.000.000,SOY REFERIDO
XLJ12,XL,VENDIDO,LAURA DANIELA GALLO,26/3/2025,MUJER,35,COLOMBIA,CALI,COMERCIANTE,EMPLEAD@,UNIÓN LIBRE,"$3,500,000",LOS VI EN REDES
XLJ13,XL,VENDIDO,JANIER VERA,4/7/2024,HOMBRE,35,COLOMBIA,CALI,ADMINISTRADOR DE EMPRESAS,EMPLEAD@,SOLTER@,$3.500.000,PASÉ Y ENTRÉ
XLJ14,XL,DISPONIBLE,, ,,,,,,,,,
XLJ15,XL,VENDIDO,JANIER VERA,2/8/2024,MUJER,32,COLOMBIA,JAMUNDÍ,ABOGADA,INDEPENDIENTE,UNIÓN LIBRE,$4.000.000,SOY REFERIDO
XLJ16,XL,VENDIDO,JANIER VERA,2/8/2024,MUJER,32,COLOMBIA,JAMUNDÍ,ABOGADA,INDEPENDIENTE,UNIÓN LIBRE,$4.000.000,SOY REFERIDO
XLJ17,XL,VENDIDO,DACION,1/4/2024,,,,,,,,,
XLJ18,XL,VENDIDO,ISABEL ARBOLEDA,16/9/2024,MUJER,30,COLOMBIA,CALI,CONTADORA,EMPLEAD@,SOLTER@,$3.500.000,LOS VI EN REDES
XLJ19,XL,DISPONIBLE,, ,,,,,,,,,
XLJ20,XL,DISPONIBLE,, ,,,,,,,,,
XLJ21,XL,VENDIDO,GABRIELA RODRIGUEZ,4/7/2025,MUJER,31,COLOMBIA,CALI,ENFERMERA,EMPLEAD@,UNIÓN LIBRE,$5.000.000,PASÉ Y ENTRÉ
XLJ22,XL,VENDIDO,LAURA DANIELA GALLO,28/5/2025,HOMBRE,38,INGLATERRA,LONDRES,INDEPENDIENTE,INDEPENDIENTE,UNIÓN LIBRE,"$3,500,000",REFERIDO
XLJ23,XL,VENDIDO,LAURA DANIELA GALLO,28/5/2025,MUJER,45,INGLATERRA,LONDRES,INDEPENDIENTE,INDEPENDIENTE,SOLTER@,"$3,500,000",LOS VI EN REDES
XLJ24,XL,VENDIDO,LAURA DANIELA GALLO,4/7/2025,MUJER,36,COLOMBIA,CALI,COMERCIANTE,EMPLEAD@,SOLTER@,"$3,500,000",LOS VI EN REDES
XLJ25,XL,VENDIDO,LAURA DANIELA GALLO,26/3/2025,MUJER,35,COLOMBIA,CALI,COMERCIANTE,EMPLEAD@,SOLTER@,"$3,500,000",LOS VI EN REDES
XLJ26,XL,DISPONIBLE,, ,,,,,,,,,
XLK1,XL,DISPONIBLE,, ,,,,,,,,,
XLK2,XL,VENDIDO,ISABEL ARBOLEDA,30/8/2024,HOMBRE,41,COLOMBIA,CALI,,INDEPENDIENTE,SOLTER@,$4.000.000,"LOS VI EN REDES, PERO NO ESCRIBÍ"
XLK3,XL,VENDIDO,GABRIELA RODRIGUEZ,18/5/2025,HOMBRE,,COLOMBIA,,,INDEPENDIENTE,SOLTER@,$4.000.000,"LOS VI EN REDES, PERO NO ESCRIBÍ"
XLK4,XL,VENDIDO,LAURA DANIELA GALLO,1/7/2025,HOMBRE,26,COLOMBIA,SUAREZ,ABOGADO,EMPLEAD@,CASAD@,"$3,500,000",LOS VI EN REDES
XLK5,XL,DISPONIBLE,, ,,,,,,,,,
XLK6,XL,DISPONIBLE,, ,,,,,,,,,
XLK7,XL,DISPONIBLE,, ,,,,,,,,,
XLK8,XL,VENDIDO,JULIANA GIRONZA,30/12/2024,HOMBRE,27,COLOMBIA,CALI,PSICÓLOGA,INDEPENDIENTE,CASAD@,$5.000.000,LOS VI EN REDES
XLK9,XL,DISPONIBLE,, ,,,,,,,,,
XLK10,XL,DISPONIBLE,, ,,,,,,,,,
XLK11,XL,DISPONIBLE,, ,,,,,,,,,
XLK12,XL,DISPONIBLE,, ,,,,,,,,,
XLK13,XL,DISPONIBLE,, ,,,,,,,,,
XLK14,XL,VENDIDO,GABRIELA RODRIGUEZ,31/5/2025,MUJER,39,COLOMBIA,CALI,,INDEPENDIENTE,CASAD@,$3.500.000,LOS VI EN REDES
XLK15,XL,VENDIDO,ISABEL ARBOLEDA,16/9/2024,MUJER,42,COLOMBIA,CALI,ARQUITECTA,INDEPENDIENTE,SOLTER@,$4.000.000,SOY REFERIDO
XLK16,XL,VENDIDO,ISABEL ARBOLEDA,19/9/2024,MUJER,,COLOMBIA,,,,,,
XLK17,XL,VENDIDO,BM (ENDO),1/4/2024,,,,,,,,,
XLK18,XL,DISPONIBLE,, ,,,,,,,,,
XLK19,XL,DISPONIBLE,, ,,,,,,,,,
XLK20,XL,DISPONIBLE,, ,,,,,,,,,
XLK21,XL,DISPONIBLE,, ,,,,,,,,,
XLK22,XL,DISPONIBLE,, ,,,,,,,,,
XLK23,XL,DISPONIBLE,, ,,,,,,,,,
XLK24,XL,DISPONIBLE,, ,,,,,,,,,
XLL1,XL,VENDIDO,BM (CARLOS),1/4/2024,,,,,,,,,
XLL2,XL,VENDIDO,BM (ENDO),1/4/2024,,,,,,,,,
XLL3,XL,VENDIDO,BM (ENDO),1/4/2024,,,,,,,,,
XLL4,XL,VENDIDO,BM (ENDO),1/4/2024,,,,,,,,,
XLL5,XL,VENDIDO,BM (CARLOS),1/4/2024,,,,,,,,,
XLL6,XL,VENDIDO,BM (CARLOS),1/4/2024,,,,,,,,,
XLL7,XL,VENDIDO,JANIER VERA,7/7/2024,MUJER,31,COLOMBIA,CANDELARIA,INGENIERA INDUSTRIAL,EMPLEAD@,SOLTER@,$4.000.000,LOS VI EN REDES
XLL8,XL,VENDIDO,ISABEL ARBOLEDA,5/8/2024,HOMBRE,29,ESPAÑA,,,,,,
XLL9,XL,VENDIDO,BM (CARLOS),1/4/2024,,,,,,,,,
XLL10,XL,VENDIDO,JANIER VERA,13/8/2024,HOMBRE,38,COLOMBIA,CALI,,INDEPENDIENTE,CASAD@,$4.000.000,PASÉ Y ENTRÉ
XLL11,XL,DISPONIBLE,, ,,,,,,,,,
XLM1,XL,DISPONIBLE,, ,,,,,,,,,
XLM2,XL,DISPONIBLE,, ,,,,,,,,,
XLM3,XL,DISPONIBLE,, ,,,,,,,,,
XLM4,XL,DISPONIBLE,, ,,,,,,,,,
XLM5,XL,DISPONIBLE,, ,,,,,,,,,
XLM6,XL,DISPONIBLE,, ,,,,,,,,,
XLM7,XL,DISPONIBLE,, ,,,,,,,,,
XLM8,XL,DISPONIBLE,, ,,,,,,,,,
XLM9,XL,DISPONIBLE,, ,,,,,,,,,
XLM10,XL,DISPONIBLE,, ,,,,,,,,,
XLM11,XL,DISPONIBLE,, ,,,,,,,,,
XLM12,XL,VENDIDO,GABRIELA RODRIGUEZ,27/9/2024,HOMBRE,45,COLOMBIA,JAMUNDÍ,COMERCIANTE,INDEPENDIENTE,UNIÓN LIBRE,$3.500.000,LOS VI EN REDES
XLM13,XL,VENDIDO,INNVERTO,28/9/2024,HOMBRE,36,COLOMBIA,CALI,,INDEPENDIENTE,SOLTER@,$3.000.000,LOS VI EN REDES
XLM14,XL,VENDIDO,GABRIELA RODRIGUEZ,19/6/2025,HOMBRE,46,COLOMBIA,CALI,COMERCIANTE,INDEPENDIENTE,UNIÓN LIBRE,$4.000.000,SOY REFERIDO
XLM15,XL,VENDIDO,VALERIA YEPES,19/6/2024,HOMBRE,39,COLOMBIA,CALI,,EMPLEAD@,CASAD@,$3.000.000,SOY REFERIDO
XLM16,XL,DISPONIBLE,, ,,,,,,,,,
XLM17,XL,DISPONIBLE,, ,,,,,,,,,
XLM18,XL,DISPONIBLE,, ,,,,,,,,,
XLM19,XL,VENDIDO,LAURA DANIELA GALLO,10/4/2025,MUJER,38,COLOMBIA,CALI,PSICOLOGA,EMPLEAD@,UNIÓN LIBRE,"$3,800,000",REFERIDO
XLM20,XL,DISPONIBLE,, ,,,,,,,,,
XLN1,XL,VENDIDO,ISABEL ARBOLEDA,15/10/2024,MUJER,51,COLOMBIA,CALI,DOCENTE,EMPLEAD@,SOLTER@,$6.000.000,"LOS VI EN REDES, PERO NO ESCRIBÍ"
XLN2,XL,VENDIDO,GABRIELA RODRIGUEZ,23/9/2024,MUJER,31,COLOMBIA,JAMUNDÍ,DOCENTE,INDEPENDIENTE,UNIÓN LIBRE,$3.000.000,LOS VI EN REDES
XLN3,XL,VENDIDO,GABRIELA RODRIGUEZ,17/12/2024,MUJER,47,COLOMBIA,CALI,DOCENTE,EMPLEAD@,UNIÓN LIBRE,$4.000.000,PASÉ Y ENTRÉ
XLN4,XL,VENDIDO,GABRIELA RODRIGUEZ,19/6/2025,HOMBRE,46,COLOMBIA,CALI,COMERCIANTE,INDEPENDIENTE,UNIÓN LIBRE,$4.000.000,SOY REFERIDO
XLN5,XL,VENDIDO,INNVERTO,1/10/2024,HOMBRE,39,COLOMBIA,CALI,ADMINISTRADOR PÚBLICO,EMPLEAD@,SOLTER@,$5.000.000,LOS VI EN REDES
XLN6,XL,DISPONIBLE,, ,,,,,,,,,
XLN7,XL,DISPONIBLE,, ,,,,,,,,,
XLN8,XL,VENDIDO,GABRIELA RODRIGUEZ,2/8/2025,MUJER,27,COLOMBIA,CALI,ADMINISTRATIVA,EMPLEAD@,SOLTER@,$2.500.000,LOS VI EN REDES
XLN9,XL,DISPONIBLE,, ,,,,,,,,,
XLN10,XL,DISPONIBLE,, ,,,,,,,,,
XLN11,XL,DISPONIBLE,, ,,,,,,,,,
XLN12,XL,DISPONIBLE,, ,,,,,,,,,
XLN13,XL,DISPONIBLE,, ,,,,,,,,,
XLN14,XL,DISPONIBLE,, ,,,,,,,,,
XLN15,XL,DISPONIBLE,, ,,,,,,,,,
XLN16,XL,DISPONIBLE,, ,,,,,,,,,
XLN17,XL,VENDIDO,JANIER VERA,26/6/2024,HOMBRE,42,COLOMBIA,CALI,,INDEPENDIENTE,CASAD@,$4.000.000,SOY REFERIDO
XLN18,XL,DISPONIBLE,, ,,,,,,,,,
XLO1,XL,DISPONIBLE,, ,,,,,,,,,
XLO2,XL,DISPONIBLE,, ,,,,,,,,,
XLO3,XL,DISPONIBLE,, ,,,,,,,,,
XLO4,XL,DISPONIBLE,, ,,,,,,,,,
XLO5,XL,DISPONIBLE,, ,,,,,,,,,
XLO6,XL,DISPONIBLE,, ,,,,,,,,,
XLO7,XL,DISPONIBLE,, ,,,,,,,,,
XLO8,XL,DISPONIBLE,, ,,,,,,,,,
XLO9,XL,DISPONIBLE,, ,,,,,,,,,
XLO10,XL,DISPONIBLE,, ,,,,,,,,,
XLO11,XL,DISPONIBLE,, ,,,,,,,,,
XLO12,XL,DISPONIBLE,, ,,,,,,,,,
XLO13,XL,DISPONIBLE,, ,,,,,,,,,
XLO14,XL,DISPONIBLE,, ,,,,,,,,,
XLO15,XL,DISPONIBLE,, ,,,,,,,,,
XLO16,XL,DISPONIBLE,, ,,,,,,,,,
XLP1,XL,DISPONIBLE,, ,,,,,,,,,
XLP2,XL,DISPONIBLE,, ,,,,,,,,,
XLP3,XL,DISPONIBLE,, ,,,,,,,,,
XLP4,XL,DISPONIBLE,, ,,,,,,,,,
XLP5,XL,DISPONIBLE,, ,,,,,,,,,
XLP6,XL,DISPONIBLE,, ,,,,,,,,,
XLP7,XL,DISPONIBLE,, ,,,,,,,,,
XLP8,XL,DISPONIBLE,, ,,,,,,,,,
XLP9,XL,DISPONIBLE,, ,,,,,,,,,
XLP10,XL,DISPONIBLE,, ,,,,,,,,,
XLP11,XL,DISPONIBLE,, ,,,,,,,,,
XLP12,XL,VENDIDO,JANIER VERA,14/6/2024,HOMBRE,34,COLOMBIA,JAMUNDÍ,ENTRENADOR DE TENIS,EMPLEAD@,UNIÓN LIBRE,$3.000.000,PASÉ Y ENTRÉ
XLP13,XL,DISPONIBLE,, ,,,,,,,,,
XLP14,XL,DISPONIBLE,, ,,,,,,,,,
XLQ1,XL,DISPONIBLE,, ,,,,,,,,,
XLQ2,XL,DISPONIBLE,, ,,,,,,,,,
XLQ3,XL,DISPONIBLE,, ,,,,,,,,,